<?xml version="1.0" encoding="UTF-8"?>
<project-private xmlns="http://www.netbeans.org/ns/project-private/1">
    <editor-bookmarks xmlns="http://www.netbeans.org/ns/editor-bookmarks/2" lastBookmarkId="0"/>
    <open-files xmlns="http://www.netbeans.org/ns/projectui-open-files/2">
        <group>
            <file>file:/C:/Users/Administrator/Documents/NetBeansProjects/JavaApplication28/src/modelo/Usuario.java</file>
            <file>file:/C:/Users/Administrator/Documents/NetBeansProjects/JavaApplication28/src/gui/UsuarioGUI.java</file>
            <file>file:/C:/Users/Administrator/Documents/NetBeansProjects/JavaApplication28/src/factory/TestaConexao.java</file>
            <file>file:/C:/Users/Administrator/Documents/NetBeansProjects/JavaApplication28/src/factory/ConnectionFactory.java</file>
            <file>file:/C:/Users/Administrator/Documents/NetBeansProjects/JavaApplication28/src/dao/UsuarioDAO.java</file>
        </group>
    </open-files>
</project-private>
